{
  "pythia-160m": {
    "repo": "EleutherAI/pythia-160m-deduped",
    "by_step": {
      "step_1000": {
        "n": 300,
        "n_yy_found": 300,
        "gt_acc": 0.32,
        "base_diff_mean": -0.14641085267066956,
        "patched_diff_mean": -0.06464999914169312,
        "delta_mean": 0.08176086097955704,
        "delta_ci": [
          0.01687187255670627,
          0.14786196240782737
        ]
      },
      "step_2000": {
        "n": 300,
        "n_yy_found": 300,
        "gt_acc": 0.54,
        "base_diff_mean": -0.015963982790708542,
        "patched_diff_mean": -0.053929492831230164,
        "delta_mean": -0.03796552121639252,
        "delta_ci": [
          -0.13256796344866356,
          0.057059233625729865
        ]
      },
      "step_3000": {
        "n": 300,
        "n_yy_found": 300,
        "gt_acc": 0.8966666666666666,
        "base_diff_mean": 0.488811194896698,
        "patched_diff_mean": 0.07067020237445831,
        "delta_mean": -0.4181409478187561,
        "delta_ci": [
          -0.49422958605984846,
          -0.34255217803517984
        ]
      },
      "step_5000": {
        "n": 300,
        "n_yy_found": 300,
        "gt_acc": 0.92,
        "base_diff_mean": 0.5343421697616577,
        "patched_diff_mean": 0.07291748374700546,
        "delta_mean": -0.4614246189594269,
        "delta_ci": [
          -0.5398908602446317,
          -0.3830190475210547
        ]
      },
      "step_8000": {
        "n": 300,
        "n_yy_found": 300,
        "gt_acc": 0.9933333333333333,
        "base_diff_mean": 0.6997325420379639,
        "patched_diff_mean": 0.1740875542163849,
        "delta_mean": -0.5256450176239014,
        "delta_ci": [
          -0.6019890248030424,
          -0.4496210424005985
        ]
      },
      "step_143000": {
        "n": 300,
        "n_yy_found": 300,
        "gt_acc": 1.0,
        "base_diff_mean": 0.908613920211792,
        "patched_diff_mean": 0.1717912256717682,
        "delta_mean": -0.7368227243423462,
        "delta_ci": [
          -0.8243227049758037,
          -0.6511418619006872
        ]
      }
    }
  },
  "pythia-410m": {
    "repo": "EleutherAI/pythia-410m-deduped",
    "by_step": {
      "step_1000": {
        "n": 300,
        "n_yy_found": 300,
        "gt_acc": 0.5533333333333333,
        "base_diff_mean": -0.019702380523085594,
        "patched_diff_mean": 0.0774497538805008,
        "delta_mean": 0.09715212881565094,
        "delta_ci": [
          0.03615227748453617,
          0.1582861005266507
        ]
      },
      "step_2000": {
        "n": 300,
        "n_yy_found": 300,
        "gt_acc": 0.6466666666666666,
        "base_diff_mean": 0.07641642540693283,
        "patched_diff_mean": 0.003975988831371069,
        "delta_mean": -0.07244043052196503,
        "delta_ci": [
          -0.17163623259713254,
          0.02713728180527687
        ]
      },
      "step_3000": {
        "n": 300,
        "n_yy_found": 300,
        "gt_acc": 0.9766666666666667,
        "base_diff_mean": 0.5693809986114502,
        "patched_diff_mean": 0.07269062846899033,
        "delta_mean": -0.4966903626918793,
        "delta_ci": [
          -0.5826673967217406,
          -0.4118105925098062
        ]
      },
      "step_5000": {
        "n": 300,
        "n_yy_found": 300,
        "gt_acc": 1.0,
        "base_diff_mean": 0.8816570043563843,
        "patched_diff_mean": 0.23893389105796814,
        "delta_mean": -0.642723023891449,
        "delta_ci": [
          -0.72249785297364,
          -0.5653423628658056
        ]
      },
      "step_8000": {
        "n": 300,
        "n_yy_found": 300,
        "gt_acc": 1.0,
        "base_diff_mean": 0.9390520453453064,
        "patched_diff_mean": 0.24649310111999512,
        "delta_mean": -0.6925588846206665,
        "delta_ci": [
          -0.77495874457558,
          -0.6112826382617156
        ]
      },
      "step_143000": {
        "n": 300,
        "n_yy_found": 300,
        "gt_acc": 1.0,
        "base_diff_mean": 0.9411134123802185,
        "patched_diff_mean": 0.2739682197570801,
        "delta_mean": -0.6671452522277832,
        "delta_ci": [
          -0.7468572308669488,
          -0.5878518625646829
        ]
      }
    }
  },
  "pythia-1b": {
    "repo": "EleutherAI/pythia-1b-deduped",
    "by_step": {
      "step_1000": {
        "n": 300,
        "n_yy_found": 300,
        "gt_acc": 0.26666666666666666,
        "base_diff_mean": -0.21053428947925568,
        "patched_diff_mean": 0.10877024382352829,
        "delta_mean": 0.31930452585220337,
        "delta_ci": [
          0.28467937919994196,
          0.3554668264264862
        ]
      },
      "step_2000": {
        "n": 300,
        "n_yy_found": 300,
        "gt_acc": 0.9566666666666667,
        "base_diff_mean": 0.4229167699813843,
        "patched_diff_mean": 0.08710332214832306,
        "delta_mean": -0.3358134329319,
        "delta_ci": [
          -0.3998035836244623,
          -0.27204373711099233
        ]
      },
      "step_3000": {
        "n": 300,
        "n_yy_found": 300,
        "gt_acc": 0.9666666666666667,
        "base_diff_mean": 0.6531304717063904,
        "patched_diff_mean": 0.2733210027217865,
        "delta_mean": -0.3798094093799591,
        "delta_ci": [
          -0.4365184512138367,
          -0.3222828083410859
        ]
      },
      "step_5000": {
        "n": 300,
        "n_yy_found": 300,
        "gt_acc": 1.0,
        "base_diff_mean": 0.8195348978042603,
        "patched_diff_mean": 0.2903495728969574,
        "delta_mean": -0.5291853547096252,
        "delta_ci": [
          -0.6020900024622678,
          -0.4575794073094925
        ]
      },
      "step_8000": {
        "n": 300,
        "n_yy_found": 300,
        "gt_acc": 1.0,
        "base_diff_mean": 0.8985040187835693,
        "patched_diff_mean": 0.3355146646499634,
        "delta_mean": -0.5629894137382507,
        "delta_ci": [
          -0.6335471752633651,
          -0.4922887377937635
        ]
      },
      "step_143000": {
        "n": 300,
        "n_yy_found": 300,
        "gt_acc": 1.0,
        "base_diff_mean": 0.9454600811004639,
        "patched_diff_mean": 0.21296392381191254,
        "delta_mean": -0.7324961423873901,
        "delta_ci": [
          -0.8187451149026553,
          -0.6478170720686516
        ]
      }
    }
  }
}