{
  "pythia-160m": {
    "repo": "EleutherAI/pythia-160m-deduped",
    "suppression_head": [
      8,
      9
    ],
    "mature_ablation_delta": -2.6594106674194338,
    "top5": [
      [
        "L8H9",
        -2.6594106674194338
      ],
      [
        "L3H0",
        -1.7789805285135905
      ],
      [
        "L4H11",
        -1.5367071024576826
      ],
      [
        "L6H2",
        -0.7789763641357426
      ],
      [
        "L1H8",
        -0.6579566129048668
      ]
    ],
    "by_step": {
      "step_1000": {
        "base_ld": -0.26746686935424807,
        "ablated_ld": -0.27141659418741865,
        "ablation_delta": -0.003949724833170573,
        "ablation_ci": [
          -0.005970628897349039,
          -0.0018549458583196024
        ],
        "ioi_acc": 0.42
      },
      "step_2000": {
        "base_ld": -0.7527545118331909,
        "ablated_ld": -0.7632153272628784,
        "ablation_delta": -0.0104608154296875,
        "ablation_ci": [
          -0.014383251190185546,
          -0.00638248610496521
        ],
        "ioi_acc": 0.31666666666666665
      },
      "step_3000": {
        "base_ld": 0.4173805904388428,
        "ablated_ld": -0.3230051453908285,
        "ablation_delta": -0.7403857358296713,
        "ablation_ci": [
          -0.7805937995115916,
          -0.700227638244629
        ],
        "ioi_acc": 0.5733333333333334
      },
      "step_4000": {
        "base_ld": 1.5147162596384685,
        "ablated_ld": -0.1638583532969157,
        "ablation_delta": -1.678574612935384,
        "ablation_ci": [
          -1.7738941739002865,
          -1.5856585201025009
        ],
        "ioi_acc": 0.7833333333333333
      },
      "step_5000": {
        "base_ld": 2.174981501897176,
        "ablated_ld": -0.21922946929931642,
        "ablation_delta": -2.3942109711964927,
        "ablation_ci": [
          -2.507121513287226,
          -2.2881861243247985
        ],
        "ioi_acc": 0.88
      },
      "step_8000": {
        "base_ld": 2.630258429845174,
        "ablated_ld": 0.14203011830647785,
        "ablation_delta": -2.4882283115386965,
        "ablation_ci": [
          -2.5775047612190245,
          -2.399009499867757
        ],
        "ioi_acc": 0.97
      },
      "step_13000": {
        "base_ld": 2.519069108963013,
        "ablated_ld": 0.7515553983052572,
        "ablation_delta": -1.7675137106577556,
        "ablation_ci": [
          -1.843049543062846,
          -1.692758366505305
        ],
        "ioi_acc": 0.97
      },
      "step_33000": {
        "base_ld": 2.2357535362243652,
        "ablated_ld": -0.20668382008870442,
        "ablation_delta": -2.4424373563130697,
        "ablation_ci": [
          -2.5366535655657447,
          -2.3501691411336267
        ],
        "ioi_acc": 0.96
      },
      "step_143000": {
        "base_ld": 3.7901547940572105,
        "ablated_ld": 1.1307441266377767,
        "ablation_delta": -2.6594106674194338,
        "ablation_ci": [
          -2.744273981571198,
          -2.576885730425517
        ],
        "ioi_acc": 0.9966666666666667
      }
    }
  },
  "pythia-410m": {
    "repo": "EleutherAI/pythia-410m-deduped",
    "suppression_head": [
      12,
      12
    ],
    "mature_ablation_delta": -1.7556291898091632,
    "top5": [
      [
        "L12H12",
        -1.7556291898091632
      ],
      [
        "L10H7",
        -0.7364031251271563
      ],
      [
        "L11H3",
        -0.5232042757670081
      ],
      [
        "L10H1",
        -0.44626817703247035
      ],
      [
        "L13H13",
        -0.4225162601470944
      ]
    ],
    "by_step": {
      "step_1000": {
        "base_ld": -0.17569215138753255,
        "ablated_ld": -0.17562931219736735,
        "ablation_delta": 6.283919016520182e-05,
        "ablation_ci": [
          -0.0009973500967025758,
          0.0011278935273488352
        ],
        "ioi_acc": 0.4533333333333333
      },
      "step_2000": {
        "base_ld": -0.7016282558441163,
        "ablated_ld": -0.7044013341267904,
        "ablation_delta": -0.0027730782826741536,
        "ablation_ci": [
          -0.005059360980987549,
          -0.00039203103383382175
        ],
        "ioi_acc": 0.29333333333333333
      },
      "step_3000": {
        "base_ld": 1.6382105000813802,
        "ablated_ld": 1.4632763830820719,
        "ablation_delta": -0.17493411699930828,
        "ablation_ci": [
          -0.18585248406728108,
          -0.16437908999125164
        ],
        "ioi_acc": 0.82
      },
      "step_5000": {
        "base_ld": 1.6955512428283692,
        "ablated_ld": 0.8271306069691976,
        "ablation_delta": -0.8684206358591715,
        "ablation_ci": [
          -0.9072763330936432,
          -0.8313331877390544
        ],
        "ioi_acc": 0.8533333333333334
      },
      "step_8000": {
        "base_ld": 2.3854370721181235,
        "ablated_ld": 0.77041579246521,
        "ablation_delta": -1.6150212796529133,
        "ablation_ci": [
          -1.6701834716002146,
          -1.5602020811239878
        ],
        "ioi_acc": 0.9833333333333333
      },
      "step_13000": {
        "base_ld": 2.55847536722819,
        "ablated_ld": 0.7510799090067546,
        "ablation_delta": -1.8073954582214355,
        "ablation_ci": [
          -1.8751431124210358,
          -1.7398196886380515
        ],
        "ioi_acc": 0.9766666666666667
      },
      "step_30000": {
        "base_ld": 2.8742938296000164,
        "ablated_ld": 0.8779217592875163,
        "ablation_delta": -1.9963720703125,
        "ablation_ci": [
          -2.0669628722667692,
          -1.92654812057813
        ],
        "ioi_acc": 0.9966666666666667
      },
      "step_143000": {
        "base_ld": 3.092923100789388,
        "ablated_ld": 1.3372939109802247,
        "ablation_delta": -1.7556291898091634,
        "ablation_ci": [
          -1.8244469338258107,
          -1.6894329629739127
        ],
        "ioi_acc": 0.9966666666666667
      }
    }
  }
}