{
  "checkpoints": {
    "step_256": {
      "n": 200,
      "base_diff": -0.011333760431152768,
      "patched_diff": 0.008812337553245016,
      "delta": 0.020146097984397784,
      "delta_ci": [
        0.017532456962391734,
        0.022965560343669495
      ],
      "acc": 0.125
    },
    "step_512": {
      "n": 200,
      "base_diff": -0.00514089146774495,
      "patched_diff": 0.00441840837826021,
      "delta": 0.00955929984600516,
      "delta_ci": [
        0.008208715091721388,
        0.011090666660298665
      ],
      "acc": 0.025
    },
    "step_1000": {
      "n": 200,
      "base_diff": 0.0003497134662120516,
      "patched_diff": 0.015323187081776268,
      "delta": 0.014973473615564217,
      "delta_ci": [
        0.010732496547345817,
        0.01964991948233137
      ],
      "acc": 0.425
    },
    "step_2000": {
      "n": 200,
      "base_diff": 0.007716766425437527,
      "patched_diff": 0.02134096416120883,
      "delta": 0.013624197735771304,
      "delta_ci": [
        0.011267864231864223,
        0.016057769476190514
      ],
      "acc": 0.68
    },
    "step_5000": {
      "n": 200,
      "base_diff": 0.03828127186032362,
      "patched_diff": 0.05201368916546926,
      "delta": 0.013732417305145645,
      "delta_ci": [
        0.009975405118155322,
        0.01776719517640595
      ],
      "acc": 0.95
    },
    "step_13000": {
      "n": 200,
      "base_diff": 0.03363483915818506,
      "patched_diff": 0.051658758160774594,
      "delta": 0.018023919002589536,
      "delta_ci": [
        0.013007786257632688,
        0.023104148575068387
      ],
      "acc": 0.965
    },
    "step_143000": {
      "n": 200,
      "base_diff": 0.02993405193963554,
      "patched_diff": 0.05209301245442475,
      "delta": 0.022158960514789213,
      "delta_ci": [
        0.016962641008012723,
        0.027662084299725394
      ],
      "acc": 0.885
    }
  }
}