{
  "dip": {
    "step": 2000,
    "base_ld_mean": -0.7527545118331909,
    "ioi_acc": 0.31666666666666665,
    "n": 300,
    "arms": {
      "real_S2": {
        "patched_ld_mean": 0.19984055519104005,
        "delta_ld_mean": 0.9525950670242309,
        "delta_ci": [
          0.8575870302915574,
          1.050384654601415
        ]
      },
      "random_S2": {
        "patched_ld_mean": 0.1670006561279297,
        "delta_ld_mean": 0.9197551679611206,
        "delta_ci": [
          0.8427029156684875,
          0.9985248370567957
        ]
      },
      "random_S1": {
        "patched_ld_mean": 1.399667781194051,
        "delta_ld_mean": 2.152422293027242,
        "delta_ci": [
          2.0638164788484574,
          2.2442854365507765
        ]
      },
      "random_IO": {
        "patched_ld_mean": -4.288761137326558,
        "delta_ld_mean": -3.5360066254933673,
        "delta_ci": [
          -3.7313376779556275,
          -3.3416938134829204
        ]
      },
      "random_struct": {
        "patched_ld_mean": -1.5672996902465821,
        "delta_ld_mean": -0.8145451784133911,
        "delta_ci": [
          -0.8983983099857966,
          -0.7300148924191793
        ]
      }
    }
  },
  "mature": {
    "step": 143000,
    "base_ld_mean": 3.7901547940572105,
    "ioi_acc": 0.9966666666666667,
    "n": 300,
    "arms": {
      "real_S2": {
        "patched_ld_mean": -0.3327905591328939,
        "delta_ld_mean": -4.122945353190104,
        "delta_ci": [
          -4.284091578006745,
          -3.9628876651128135
        ]
      },
      "random_S2": {
        "patched_ld_mean": -0.3356405067443848,
        "delta_ld_mean": -4.125795300801595,
        "delta_ci": [
          -4.314454482078553,
          -3.9401483540534974
        ]
      },
      "random_S1": {
        "patched_ld_mean": 5.869386952718099,
        "delta_ld_mean": 2.0792321586608886,
        "delta_ci": [
          1.8838812479972837,
          2.272193982919057
        ]
      },
      "random_IO": {
        "patched_ld_mean": -5.272491849263509,
        "delta_ld_mean": -9.06264664332072,
        "delta_ci": [
          -9.304904901981354,
          -8.819744430700938
        ]
      },
      "random_struct": {
        "patched_ld_mean": -0.6598866844177246,
        "delta_ld_mean": -4.450041478474935,
        "delta_ci": [
          -4.665596882184346,
          -4.233301745096843
        ]
      }
    }
  }
}