{
  "primary_window": [
    3,
    4,
    5
  ],
  "clustered_ci": {
    "dip": {
      "mean_dld": 0.9525947872797648,
      "n": 300,
      "ci_example": [
        0.8575870744387308,
        1.0503840417861938
      ],
      "ci_template_clustered": [
        0.6766397485733032,
        1.2491977947155635
      ],
      "ci_namepair_clustered": [
        0.7787146024306615,
        1.1500294443766277
      ]
    },
    "mature": {
      "mean_dld": -4.122474937438965,
      "n": 300,
      "ci_example": [
        -4.283592185338338,
        -3.9623192332585653
      ],
      "ci_template_clustered": [
        -4.542369227091471,
        -3.7168933520317076
      ],
      "ci_namepair_clustered": [
        -4.4511339907646175,
        -3.815812238375346
      ]
    }
  },
  "layer_windows": {
    "dip": {
      "2_3_4": 0.9493340412775676,
      "3_4_5": 0.9525947872797648,
      "4_5_6": 0.7953106594085694,
      "5_6_7": 0.7327156941095988,
      "3_4_5_6": 0.9525947872797648
    },
    "mature": {
      "2_3_4": -4.110620409647623,
      "3_4_5": -4.122474937438965,
      "4_5_6": -4.1199237251281735,
      "5_6_7": -3.934086481730143,
      "3_4_5_6": -4.122474937438965
    }
  }
}